"","ngram","Freq"
"132","pain",58
"214","weight gain",33
"201","tired",16
"33","depression",11
"46","dry mouth",10
"96","headaches",10
"187","swelling",10
"17","blurred vision",9
"42","dizzy",7
"173","sleepy",7
"8","angry",6
"40","dizziness",5
"86","gain weight",5
"99","hungry",5
"105","insomnia",5
"123","neuropathy",5
"169","sleeping",5
"183","suicidal",5
"184","suicidal thoughts",5
"207","tried",5
"14","bloated",4
"18","blurry vision",4
"151","relief",4
"32","depressed",3
"56","fatigue",3
"74","gain lbs",3
"94","headache",3
"121","nausea",3
"135","pain legs",3
"155","sciatica",3
"158","severe pain",3
"160","severe swelling",3
"161","shake",3
"175","spasms",3
"29","constipation",2
"34","depression ptsd",2
"35","depressive",2
"38","difficulty sleeping",2
"43","drowsiness",2
"44","drowsy",2
"51","edema legs",2
"57","feet hurting",2
"58","fog",2
"78","gain pounds",2
"88","gained lbs",2
"92","hands shake",2
"100","hurting",2
"110","leg pain",2
"115","loss appetite",2
"122","nerve pain legs",2
"126","neuropathy feet",2
"129","outbursts",2
"139","painful",2
"149","puffy",2
"152","restless legs",2
"174","slow",2
"179","stomach problems",2
"190","swelling feet",2
"191","swelling hands",2
"195","swelling weight",2
"208","upset",2
"209","upset stomach",2
"212","weakness",2
"1","abdominal cramping",1
"2","aches legs",1
"3","agitated",1
"4","agitated suicidal",1
"5","always foggy",1
"6","anger",1
"7","anger outbursts",1
"9","angry outbursts",1
"10","anxious",1
"11","anxiousness",1
"12","appetite swelling",1
"13","bipolar",1
"15","blood pressure",1
"16","blurred near",1
"19","bother gained",1
"20","bottoms feet fire",1
"21","brain fog",1
"22","brain pill",1
"23","burn",1
"24","buzzing",1
"25","causing loose",1
"26","coaster suicidal",1
"27","coaster suicidal thoughts",1
"28","confused blurred",1
"30","continued gain",1
"31","crazy",1
"36","diabetic neuropathy",1
"37","diabetic neuropathy feet",1
"39","disorder",1
"41","dizziness blurred",1
"45","drunk blurred",1
"47","due blurred",1
"48","due swelling",1
"49","due toxic neuropathy",1
"50","eating gain",1
"52","else problems",1
"53","except blurred",1
"54","face scalp eye",1
"55","face scalp numb",1
"59","fog swelling",1
"60","foggy clear",1
"61","foggy thinking",1
"62","forget",1
"63","gain amount",1
"64","gain angry",1
"65","gain blocked",1
"66","gain bother",1
"67","gain ceased",1
"68","gain dizzy",1
"69","gain excessive",1
"70","gain fatigue",1
"71","gain herbal",1
"72","gain increase",1
"73","gain lb",1
"75","gain minded",1
"76","gain mouth",1
"77","gain ok",1
"79","gain seemed",1
"80","gain slowly",1
"81","gain soon",1
"82","gain stay",1
"83","gain swelling",1
"84","gain taken",1
"85","gain virtually",1
"87","gained cfs",1
"89","gained pounds",1
"90","gained weight",1
"91","gaining weight",1
"93","having suicidal",1
"95","headache abdominal",1
"97","heart palpitations",1
"98","hips legs",1
"101","hurting black",1
"102","ibs stomach",1
"103","increased swelling",1
"104","inside stomach",1
"106","jerkiness sleeping",1
"107","job brain",1
"108","joints gained",1
"109","led problems",1
"111","legs problems",1
"112","legs swelling",1
"113","levels gain",1
"114","loose weight",1
"116","maybe gain",1
"117","migraines blurred",1
"118","mild headaches",1
"119","mild mood",1
"120","muscle tremors suicidal",1
"124","neuropathy excess",1
"125","neuropathy excess electrical",1
"127","neuropathy safely",1
"128","neuropathy safely worked",1
"130","outbursts never",1
"131","outbursts strange",1
"133","pain gained",1
"134","pain hips",1
"136","pain legs chronic",1
"137","pain legs due",1
"138","pain legs fibromyalgia",1
"140","painful neuropathy",1
"141","pains",1
"142","peripheral neuropathy",1
"143","peripheral neuropathy safely",1
"144","pressure",1
"145","problems mix",1
"146","problems walking",1
"147","problems weight",1
"148","provides mild",1
"150","pump stomach",1
"153","roller coaster suicidal",1
"154","s blurred",1
"156","scrambled brain",1
"157","severe diabetic neuropathy",1
"159","severe pain legs",1
"162","shake gain",1
"163","shaking",1
"164","sick",1
"165","side mild",1
"166","side suicidal",1
"167","side suicidal thoughts",1
"168","sleep apnea",1
"170","sleeping effected",1
"171","sleeping pill",1
"172","sleeping without",1
"176","stomach almost",1
"177","stomach attacks",1
"178","stomach dependant",1
"180","stomach weird",1
"181","stopped ago",1
"182","stumble brain",1
"185","suicidal thoughts ever",1
"186","suicidal thoughts tapering",1
"188","swelling ankles",1
"189","swelling dark",1
"192","swelling joints",1
"193","swelling legs",1
"194","swelling skin",1
"196","swollen",1
"197","symptoms stomach",1
"198","taste",1
"199","thoughts death",1
"200","thoughts sleeping",1
"202","tolerate swelling",1
"203","toxic neuropathy",1
"204","toxic neuropathy excess",1
"205","tremors suicidal",1
"206","tremors suicidal thoughts",1
"210","vision having suicidal",1
"211","vomiting",1
"213","weened stopped",1
"215","weight gained",1
"216","weight taste",1
