"","ngram","Freq"
"41","pain",8
"24","dry mouth",3
"42","pains",3
"60","stomach pain",3
"7","acid",2
"10","burn",2
"19","crazy",2
"29","headache",2
"30","headaches",2
"40","nausea",2
"45","pressure",2
"48","sick",2
"1","abdominal aches",1
"2","ache",1
"3","ache stomach",1
"4","ache stomach muscle",1
"5","aches constant",1
"6","aching",1
"8","acid stomach",1
"9","bit stomach",1
"11","butterfly stomach",1
"12","chills stomach",1
"13","cold",1
"14","cold chills",1
"15","constant mild",1
"16","constantly dull ache",1
"17","constipation",1
"18","cramps",1
"20","dental problems",1
"21","diet stomach",1
"22","discomfort",1
"23","dizziness",1
"25","dull ache stomach",1
"26","easily hurting",1
"27","ever stomach",1
"28","evident aches",1
"31","heart attack",1
"32","heart burns",1
"33","heart palpitation",1
"34","hurting",1
"35","hurting barely",1
"36","instances stomach",1
"37","lower abdominal",1
"38","mild headache",1
"39","mood swings",1
"43","pains cold",1
"44","pains heart",1
"46","relief",1
"47","s stomach",1
"49","sick stomach",1
"50","spasms",1
"51","stomach cramps",1
"52","stomach discomfort",1
"53","stomach everyday",1
"54","stomach gastric",1
"55","stomach gi",1
"56","stomach having",1
"57","stomach heart",1
"58","stomach hernia",1
"59","stomach muscle",1
"61","stomach pains",1
"62","stomach sensation",1
"63","swings quite",1
"64","swollen",1
"65","terrible stomach",1
