"","ngram","Freq"
"42","pain",9
"76","tired",8
"4","aches",6
"23","fatigue",4
"30","headaches",3
"40","muscle pain",3
"77","upset stomach",3
"1","ache",2
"11","chills fever",2
"17","cold",2
"18","cold chills",2
"25","fever chills",2
"29","headache",2
"39","muscle aches",2
"43","pain arm",2
"50","painful",2
"55","site pain",2
"56","sore throat",2
"69","swelling",2
"72","swollen",2
"2","ache chills muscle",1
"3","ache hands skin",1
"5","aches fatigue",1
"6","aches frequent",1
"7","acid",1
"8","arm hot",1
"9","arm swelling",1
"10","chills extreme",1
"12","chills joints",1
"13","chills lethargic",1
"14","chills muscle",1
"15","chills shivering",1
"16","chills sweats",1
"19","constant mild",1
"20","cramps",1
"21","cramps flu",1
"22","discomfort",1
"24","fever aches",1
"26","forget",1
"27","head ache chills",1
"28","head ache hands",1
"31","headaches chills",1
"32","hot swollen",1
"33","hours stomach",1
"34","joint pain",1
"35","lasted stomach",1
"36","legs joints",1
"37","middle stomach",1
"38","mild muscle",1
"41","nausea",1
"44","pain enough",1
"45","pain extreme",1
"46","pain fever",1
"47","pain gets",1
"48","pain inside",1
"49","pain vomiting",1
"51","problems vaccine",1
"52","redness swelling",1
"53","sensation stomach",1
"54","sick",1
"57","splitting head ache",1
"58","stiff legs",1
"59","stomach body",1
"60","stomach chest",1
"61","stomach constantly",1
"62","stomach cramps",1
"63","stomach felt",1
"64","stomach gas",1
"65","stomach nauseous",1
"66","stomach pain",1
"67","stomach wrapping",1
"68","sweating",1
"70","swelling injection",1
"71","swelling red",1
"73","symptoms head ache",1
"74","throat tired",1
"75","throat tiredness",1
"78","vomiting",1
"79","weakness",1
"80","weakness legs",1
"81","weeks pain",1
