"","ngram","Freq"
"64","tired",15
"67","weight gain",7
"39","hypothyroidism",5
"24","fog",4
"7","blood pressure",3
"14","crazy",3
"16","depressed",3
"36","headaches",3
"48","pressure",3
"17","depression",2
"22","fatigue",2
"41","lack energy",2
"44","pain",2
"59","stomach pain",2
"62","swollen",2
"1","always hot",1
"2","angry",1
"3","beats",1
"4","bloated",1
"5","bloated gained",1
"6","bloating stomach",1
"8","blurred vision",1
"9","brain fog",1
"10","brittle stomach",1
"11","constipation",1
"12","cramps",1
"13","cramps affected",1
"15","crazy tired confused",1
"18","dizziness",1
"19","dosage gain",1
"20","drowsy",1
"21","empty stomach",1
"23","fatigue brain",1
"25","gain depression",1
"26","gain high",1
"27","gain insane",1
"28","gain mcg",1
"29","gain mood",1
"30","gain pounds",1
"31","gain rid",1
"32","gain single",1
"33","gaining weight",1
"34","glands permanently dry",1
"35","hair stopped",1
"37","headaches bloating stomach",1
"38","heart beats",1
"40","insomnia",1
"42","loose stools",1
"43","never cramps",1
"45","pain loose",1
"46","pains",1
"47","pounds stomach",1
"49","problems hair",1
"50","rail gain",1
"51","shaky",1
"52","sleep problems",1
"53","sleep sleeping",1
"54","sleeping",1
"55","sleeping always",1
"56","sleepy",1
"57","stomach food",1
"58","stomach issues",1
"60","stomach swollen",1
"61","stopped falling",1
"63","terrible heart",1
"65","upset",1
"66","weakness",1
