"","ngram","Freq"
"62","dry mouth",25
"204","tired",25
"112","lack appetite",21
"20","behavior fidgety",18
"79","fidgety",18
"213","undesirable behavior",18
"24","binge",16
"26","binge eating",12
"93","headaches",12
"119","loss appetite",12
"51","depression",11
"7","angry",10
"49","depressed",9
"123","mood swings",9
"109","jittery",8
"43","crash",7
"56","disorder",7
"80","forget",6
"106","insomnia",6
"11","anxious",5
"124","moody",5
"135","pressure",5
"161","sleeping",5
"218","weight loss",5
"5","agitated",4
"32","blood pressure",4
"81","forget eat",4
"115","lack sleep",4
"182","suicidal",4
"57","dizziness",3
"75","extremely emotional",3
"92","headache",3
"103","hungry",3
"107","irritable",3
"125","mouth dry",3
"134","pains",3
"176","stomach pains",3
"206","tried",3
"6","anger",2
"8","anti social",2
"9","antisocial",2
"13","appetite decreased",2
"15","beating",2
"25","binge eat",2
"30","bipolar",2
"31","bipolar moment",2
"36","chill",2
"47","decrease appetite",2
"50","depressed thoughts",2
"71","eating sleeping",2
"78","extremely tired",2
"83","funny taste",2
"110","jittery shaky",2
"127","nausea",2
"141","rapid heart",2
"148","sensitivity stimulants",2
"150","shaking",2
"151","shaky",2
"152","sick",2
"153","sick stomach",2
"157","sleep apnea",2
"165","sleepy",2
"167","slow",2
"168","social behavior",2
"172","stomach aches",2
"198","taste",2
"199","taste mouth",2
"208","trouble sleeping",2
"217","weight gain",2
"1","ache",1
"2","ache during sleep",1
"3","aches nausea",1
"4","aggressive behavior",1
"10","anxiety frustration",1
"12","anxiousness",1
"14","appetite sleeping",1
"16","beats",1
"17","bed problems",1
"18","behavior aggressive",1
"19","behavior argumentative",1
"21","behavior insomnia",1
"22","behavior vyvanse",1
"23","biggest problems",1
"27","binge gain",1
"28","binge middle",1
"29","binge weight",1
"33","blurred vision",1
"34","brain freezes",1
"35","cause depression suicidal",1
"37","coat stomach",1
"38","cold",1
"39","cold chills",1
"40","combined type suicidal",1
"41","cramps",1
"42","cramps legs",1
"44","crawling cold",1
"45","crazy",1
"46","deal anxiety frustration",1
"48","deficit problems",1
"52","depression suicidal",1
"53","depression suicidal ideations",1
"54","depressive",1
"55","desire binge",1
"58","dizzy",1
"59","doctor stopped",1
"60","doing brain",1
"61","drowsiness",1
"63","due stomach",1
"64","during gained",1
"65","during problems",1
"66","eat urge plan",1
"67","eating disorder bed",1
"68","eating disorder bulimia",1
"69","eating disorder terrible",1
"70","eating disorder u",1
"72","effectively stopped",1
"73","efforts overcome suicidal",1
"74","especially binge",1
"76","extremely suicidal",1
"77","extremely suicidal angry",1
"82","frustration life together",1
"84","gain outweighed",1
"85","gain weight",1
"86","gained pounds",1
"87","gained unhealthy",1
"88","gained weight",1
"89","gaining weight",1
"90","greatly binge",1
"91","head ache during",1
"94","heart attack",1
"95","heart beating",1
"96","heart beats",1
"97","heart feel",1
"98","heart mouth",1
"99","heart rate",1
"100","heart rates",1
"101","hot skin",1
"102","however binge",1
"104","i m driving",1
"105","increased heart",1
"108","issue stomach",1
"111","key eating disorder",1
"113","lack appetite emotion",1
"114","lack appetite without",1
"116","let loose",1
"117","loose fun",1
"118","loose weight",1
"120","mg stopped",1
"121","mild headache",1
"122","mild headaches",1
"126","mouth gained",1
"128","nes eating disorder",1
"129","outbursts",1
"130","outbursts interrupting",1
"131","overcome suicidal",1
"132","overcome suicidal thoughts",1
"133","pain",1
"136","problems headaches",1
"137","problems lack",1
"138","problems lack appetite",1
"139","problems sleep",1
"140","public speaking pretty",1
"142","rates blurred",1
"143","rebound problems",1
"144","reduce binge",1
"145","regards binge",1
"146","relief",1
"147","remember stimulants",1
"149","shake",1
"154","side stimulants",1
"155","side stomach",1
"156","single binge",1
"158","sleep lack appetite",1
"159","sleep mild",1
"160","sleep problems",1
"162","sleeping patterns",1
"163","sleeping s",1
"164","sleeping worth",1
"166","slight head ache",1
"169","stimulants bruxism",1
"170","stimulants extremely",1
"171","stimulants please",1
"173","stomach drugged",1
"174","stomach growling",1
"175","stomach pain",1
"177","stomach pie",1
"178","stomach problems",1
"179","stopped eating",1
"180","stopped medication",1
"181","stopped working",1
"183","suicidal angry",1
"184","suicidal angry s",1
"185","suicidal ideations",1
"186","suicidal ideations tiredness",1
"187","suicidal thoughts",1
"188","suicidal urges",1
"189","suicidal urges depressive",1
"190","swearing behavior",1
"191","sweating hot",1
"192","swings depression",1
"193","swings i",1
"194","swings irritable",1
"195","swings parkinson",1
"196","swings shake",1
"197","swings sudden",1
"200","taste mouth always",1
"201","terrified binge",1
"202","thoughts death",1
"203","times heart",1
"205","transitions outbursts",1
"207","trouble public speaking",1
"209","twice loose",1
"210","type suicidal",1
"211","type suicidal urges",1
"212","u binge",1
"214","uo stomach",1
"215","upset",1
"216","walk binge",1
"219","wits eating disorder",1
