"","ngram","Freq"
"9","heartburn",21
"20","taste",21
"8","funny taste",19
"22","taste mouth",19
"24","terrible heartburn",19
"2","asthma",3
"11","infections",3
"3","blood pressure",2
"13","mouth sensitive",2
"16","pressure",2
"19","stomach aches",2
"1","aches daily",1
"4","cant taste",1
"5","cramps",1
"6","cramps spasms",1
"7","forget",1
"10","immediately stomach",1
"12","leg cramps",1
"14","nausea",1
"15","painful",1
"17","related stopped",1
"18","spasms",1
"21","taste medication",1
"23","taste upset",1
"25","tired",1
"26","tried",1
"27","upset",1
"28","upset stomach",1
"29","yucky taste",1
