"","ngram","Freq"
"14","headaches",6
"6","constipation",5
"22","pain",4
"5","blood pressure",3
"8","cramps",3
"25","pressure",3
"39","tired",3
"9","cramps fluctuating",2
"12","dizziness",2
"18","insomnia",2
"20","nausea",2
"23","pain dizziness",2
"34","stomach virus",2
"1","aches",1
"2","aching",1
"3","acid",1
"4","annoying stomach",1
"7","constipation swelling",1
"10","cramps single",1
"11","directly stomach",1
"13","headache",1
"15","heart rate",1
"16","increased stomach",1
"17","injection stomach",1
"19","legs pulled",1
"21","neck legs",1
"24","pain weird",1
"26","racing",1
"27","rapid heart",1
"28","sick",1
"29","spike pain",1
"30","stomach cramps",1
"31","stomach flu",1
"32","stomach pain",1
"33","stomach side",1
"35","swelling",1
"36","swelling hands",1
"37","terrible cramps",1
"38","thought stomach",1
"40","took pain",1
"41","top stomach",1
"42","tried",1
"43","vomiting",1
