"","ngram","Freq"
"76","tired",19
"32","headaches",11
"49","pain",9
"30","headache",7
"15","depression",6
"21","fatigue",6
"68","stomach issues",5
"45","nausea",4
"1","aches",3
"12","cramps",3
"65","stomach cramps",3
"29","hair loss",2
"43","mild headaches",2
"44","muscle aches",2
"47","nausea stomach",2
"59","sick",2
"79","vomiting",2
"80","weight gain",2
"2","aches nausea",1
"3","aches stomach",1
"4","achyness legs",1
"5","acid",1
"6","angry",1
"7","anxiety",1
"8","bloated",1
"9","brain fog",1
"10","chills muscle",1
"11","cold",1
"13","cramps pain",1
"14","cramps treatment",1
"16","diarrhea stomach",1
"17","dough stomach",1
"18","else gained",1
"19","emotional problems",1
"20","extra pain",1
"22","fluid stomach",1
"23","forget",1
"24","full stomach",1
"25","gain quite",1
"26","gained weight",1
"27","gas pain",1
"28","gnawing pain",1
"31","headache stomach",1
"33","headaches stomach",1
"34","horrible stomach",1
"35","hot cold",1
"36","insomnia",1
"37","irritable",1
"38","issues stomach",1
"39","itchiness hot",1
"40","mavyret mild",1
"41","mavyret stomach",1
"42","mild diarrhea",1
"46","nausea mild",1
"48","never stomach",1
"50","pain abnormal",1
"51","pain belly",1
"52","pain joints",1
"53","pain mind",1
"54","pain seems",1
"55","pain sort",1
"56","problem mild",1
"57","problems due",1
"58","reading stomach",1
"60","sick stomach",1
"61","sleepy",1
"62","sore stomach",1
"63","stomach aches",1
"64","stomach bug",1
"66","stomach face",1
"67","stomach flipping",1
"69","stomach jacked",1
"70","stomach lethargy",1
"71","stomach problems",1
"72","stomach vomiting",1
"73","stomach workup",1
"74","stomach yogurt",1
"75","times stomach",1
"77","today stomach",1
"78","ungrateful stomach",1
