"","ngram","Freq"
"31","tired",5
"18","itch stomach",2
"22","pain",2
"23","s stomach",2
"24","sick",2
"1","abdominal pain",1
"2","american heart",1
"3","appetite loose",1
"4","bit stomach",1
"5","chest stomach",1
"6","constipation",1
"7","cramps",1
"8","cramps diarrhea",1
"9","depressed",1
"10","discomfort",1
"11","dizzy",1
"12","er stomach",1
"13","gain journey",1
"14","headache",1
"15","headaches",1
"16","heart ada",1
"17","hot rash",1
"19","loose stool",1
"20","loss appetite",1
"21","nausea",1
"25","stomach cramping",1
"26","stomach cramps",1
"27","stomach discomfort",1
"28","stomach pain",1
"29","stomach tight",1
"30","swelled hot",1
"32","vomiting",1
"33","weight gain",1
