"","ngram","Freq"
"7","bloated",10
"27","pain",5
"54","weight gain",4
"45","stomach pain",3
"53","tired",3
"21","gaining weight",2
"46","stomach pains",2
"1","ache",1
"2","along stomach",1
"3","anxiety",1
"4","arms legs",1
"5","balloon stomach",1
"6","better stomach",1
"8","blurry vision",1
"9","cramps",1
"10","cramps making",1
"11","damage stomach",1
"12","diarrhoea stomach",1
"13","dr pain",1
"14","dry mouth",1
"15","extra stomach",1
"16","gain biggest",1
"17","gain consistently",1
"18","gain linzess",1
"19","gain pounds",1
"20","gained pounds",1
"22","gurgling stomach",1
"23","headaches",1
"24","legs hurt",1
"25","linzess gained",1
"26","neuropathy",1
"28","pain bloating",1
"29","pain f",1
"30","problem stomach",1
"31","problems early",1
"32","rumbling stomach",1
"33","rumbling stomach ache",1
"34","s stomach",1
"35","saying stomach",1
"36","sensations stomach",1
"37","stomach ache",1
"38","stomach along",1
"39","stomach bloated",1
"40","stomach cleaned",1
"41","stomach cramps",1
"42","stomach diarrhea",1
"43","stomach few",1
"44","stomach gastroparesis",1
"47","stomach toilet",1
"48","stomach upset",1
"49","suffer stomach",1
"50","tender stomach",1
"51","thru stomach",1
"52","thunder stomach",1
